"group","lo","hi"
1,-1.34989360954064,-0.690365256139686
3,NA,NA
