"variable","loading"
"d13c",0.502130631666802
"florets",0.425947350271219
"d15n",0.416637521892353
"shoot_wt",0.397360501765886
"p",-0.327209440455566
"c",-0.290067896302224
"n",-0.209155655286066
