"group","lo","hi"
1,-1.35198052322291,-0.685854491819574
2,0.606835188900835,1.39980187444898
