"group","lo","hi"
1,-1.34630054723087,-0.691182902049373
2,0.610879292911068,1.42352032014975
