"group","lo","hi"
1,-1.3439201715026,-0.708365509094269
3,NA,NA
