"group","lo","hi"
1,-1.34470362652809,-0.697247133967564
2,0.608292330602984,1.41296235656534
